{
    "Hololens": {
        "DeviceToWorldFrame": [
            0.7213066220283508,
            -0.008670766837894917,
            0.6925616264343262,
            0.0,
            0.0395178496837616,
            0.9988080263137817,
            -0.02865312620997429,
            0.0,
            -0.6914876103401184,
            0.048036232590675354,
            0.7207894325256348,
            0.0,
            0.06728561222553253,
            0.2626429796218872,
            0.2618429362773895,
            1.0
        ]
    },
    "LongThrowToFDepth": {
        "CameraViewTransform": [
            0.02969493344426155,
            0.5710647702217102,
            -0.8203682899475098,
            0.0,
            0.00889376550912857,
            0.8205469250679016,
            0.5715110898017883,
            0.0,
            0.9995192289352417,
            -0.024267369881272316,
            0.019287487491965294,
            0.0,
            -0.0005730979610234499,
            -0.18348582088947296,
            0.05544070899486542,
            1.0
        ],
        "FrameToOrigin": [
            0.7202965617179871,
            -0.0001772274263203144,
            -0.6936691999435425,
            0.0,
            4.915706813335419e-05,
            1.0000015497207642,
            -0.0002040353137999773,
            0.0,
            0.6936677694320679,
            0.00011318642646074295,
            0.7202968001365662,
            0.0,
            0.006071940064430237,
            0.1868094950914383,
            0.31993263959884644,
            1.0
        ]
    },
    "LongThrowToFReflectivity": {
        "CameraViewTransform": [
            0.02969493344426155,
            0.5710647702217102,
            -0.8203682899475098,
            0.0,
            0.00889376550912857,
            0.8205469250679016,
            0.5715110898017883,
            0.0,
            0.9995192289352417,
            -0.024267369881272316,
            0.019287487491965294,
            0.0,
            -0.0005730979610234499,
            -0.18348582088947296,
            0.05544070899486542,
            1.0
        ],
        "FrameToOrigin": [
            0.7202965617179871,
            -0.0001772274263203144,
            -0.6936691999435425,
            0.0,
            4.915706813335419e-05,
            1.0000015497207642,
            -0.0002040353137999773,
            0.0,
            0.6936677694320679,
            0.00011318642646074295,
            0.7202968001365662,
            0.0,
            0.006071940064430237,
            0.1868094950914383,
            0.31993263959884644,
            1.0
        ]
    },
    "PhotoVideo": {
        "CameraProjectionTransform": [
            2.443255662918091,
            0.0,
            0.0,
            0.0,
            0.0,
            4.3366007804870605,
            0.0,
            0.0,
            0.06823228299617767,
            -0.0724358931183815,
            -1.0,
            -1.0,
            0.0,
            0.0,
            0.0,
            0.0
        ],
        "CameraViewTransform": [
            0.036930859088897705,
            0.04225045442581177,
            -0.9984254240989685,
            0.0,
            0.0036967117339372635,
            0.9990939497947693,
            0.04241558909416199,
            0.0,
            0.999311089515686,
            -0.005257066339254379,
            0.036741942167282104,
            0.0,
            -0.00011405674740672112,
            -0.10008574277162552,
            0.14556020498275757,
            1.0
        ],
        "CoreCameraIntrinsics": [
            1563.9244384765625,
            0.0,
            0.0,
            0.0,
            0.0,
            -1561.7681884765625,
            0.0,
            0.0,
            0.0,
            0.0,
            1.0,
            0.0,
            596.3160400390625,
            386.09722900390625,
            0.0,
            1.0
        ],
        "FrameToOrigin": [
            0.7203200459480286,
            -4.952307790517807e-06,
            -0.693645179271698,
            0.0,
            -7.431954145431519e-07,
            1.0000016689300537,
            -7.395166903734207e-06,
            0.0,
            0.6936436295509338,
            6.3087791204452515e-06,
            0.7203202247619629,
            0.0,
            0.008832097053527832,
            0.18659073114395142,
            0.3217323422431946,
            1.0
        ]
    },
    "ShortThrowToFDepth": {
        "CameraViewTransform": [
            0.04296968877315521,
            0.5833755731582642,
            -0.8110666275024414,
            0.0,
            -0.0038594144862145185,
            0.8119068145751953,
            0.5837756991386414,
            0.0,
            0.9990701675415039,
            -0.02195456624031067,
            0.03713958337903023,
            0.0,
            -0.000573016528505832,
            -0.18348585069179535,
            0.05544078350067139,
            1.0
        ],
        "FrameToOrigin": [
            0.7202976942062378,
            -8.997973054647446e-06,
            -0.6936684846878052,
            0.0,
            -6.575137376785278e-07,
            1.0000017881393433,
            -1.314026303589344e-05,
            0.0,
            0.6936671733856201,
            1.036282628774643e-05,
            0.720298171043396,
            0.0,
            0.008805111050605774,
            0.18658098578453064,
            0.3217979669570923,
            1.0
        ]
    },
    "ShortThrowToFReflectivity": {
        "CameraViewTransform": [
            0.04296968877315521,
            0.5833755731582642,
            -0.8110666275024414,
            0.0,
            -0.0038594144862145185,
            0.8119068145751953,
            0.5837756991386414,
            0.0,
            0.9990701675415039,
            -0.02195456624031067,
            0.03713958337903023,
            0.0,
            -0.000573016528505832,
            -0.18348585069179535,
            0.05544078350067139,
            1.0
        ],
        "FrameToOrigin": [
            0.7202976942062378,
            -8.997973054647446e-06,
            -0.6936684846878052,
            0.0,
            -6.575137376785278e-07,
            1.0000017881393433,
            -1.314026303589344e-05,
            0.0,
            0.6936671733856201,
            1.036282628774643e-05,
            0.720298171043396,
            0.0,
            0.008805111050605774,
            0.18658098578453064,
            0.3217979669570923,
            1.0
        ]
    },
    "VisibleLightLeftFront": {
        "CameraViewTransform": [
            -0.220023050904274,
            0.036112457513809204,
            -0.9748266935348511,
            0.0,
            -0.9754687547683716,
            -0.0006577791646122932,
            0.2201431542634964,
            0.0,
            0.007308639585971832,
            0.9993481636047363,
            0.035371869802474976,
            0.0,
            0.13741865754127502,
            0.04742122069001198,
            0.11093426495790482,
            1.0
        ],
        "FrameToOrigin": [
            0.7202977538108826,
            2.2110994905233383e-05,
            -0.6936682462692261,
            0.0,
            -3.437511622905731e-06,
            1.0000019073486328,
            2.8591137379407883e-05,
            0.0,
            0.6936668753623962,
            -1.776125282049179e-05,
            0.720298171043396,
            0.0,
            0.008781090378761292,
            0.1864103227853775,
            0.321699857711792,
            1.0
        ]
    },